DATE;REF PIECE;COMPTE;TIERS;INTITULE;LIBELLE; DEBIT ; CREDIT 
31/12/2012;AN2012;10100;;CAPITAL;A NOUVEAU 2012;; 1 400 000,00    
31/12/2012;AN2012;10610;;RESERVE LEGALE;A NOUVEAU 2012;; 27 920,00    
31/12/2012;AN2012;11000;;REPORT A NOUVEAU;A NOUVEAU 2012;; 177 080,00    
31/12/2012;AN2012;12800;;RESULTAT EN INSTANCE;A NOUVEAU 2012;; 322 480,00    
31/12/2012;AN2012;16110;;EMPRUNT A LT;A NOUVEAU 2012;; 1 819 280,00    
31/12/2012;AN2012;16510;;ENMPRUNT A MOYEN TERME;A NOUVEAU 2012;; 180 720,00    
31/12/2012;AN2012;20124;;FRAIS DE REHABILITATION;A NOUVEAU 2012; 71 600,00    ;
31/12/2012;AN2012;20800;;AUTRES IMMOB INCORPORELLES;A NOUVEAU 2012; 86 500,00    ;
31/12/2012;AN2012;21100;;TERRAINS;A NOUVEAU 2012; 450 000,00    ;
31/12/2012;AN2012;21200;;CONSTRUCTION;A NOUVEAU 2012; 846 200,00    ;
31/12/2012;AN2012;21300;;MATERIEL ET OUTILLAGE;A NOUVEAU 2012; 1 265 500,00    ;
31/12/2012;AN2012;21510;;MATERIEL AUTOMOBILE;A NOUVEAU 2012; 1 346 400,00    ;
31/12/2012;AN2012;21810;;MATERIELS ET MOBILIERS DE BUREAU;A NOUVEAU 2012; 783 800,00    ;
31/12/2012;AN2012;21880;;AUTRES IMMOBILISATIONS CORP;A NOUVEAU 2012; 121 800,00    ;
31/12/2012;AN2012;23000;;IMMOBILISATION EN COURS;A NOUVEAU 2012; 120 000,00    ;
31/12/2012;AN2012;28000;;AMORT IMMOB INCORP;A NOUVEAU 2012;; 94 500,00    
31/12/2012;AN2012;28120;;AMORTISSEMENT DES CONSTRUCTIONS;A NOUVEAU 2012;; 186 600,00    
